image,boundary_points,triangles,area,triangles_per_area,quality_min,quality_mean,quality_max,quality_hist_bins,quality_hist_counts,time_preprocess_ms,time_meshing_ms,time_export_ms,time_total_ms,peak_mem_mb
circle.png,16,50,24229.0,0.0020636427421684756,0.1921622649865674,0.7589469954446803,0.9985446006446153,"[0.0, 0.1, 0.2, 0.3, 0.4, 0.5, 0.6, 0.7, 0.8, 0.9, 1.0]","[0, 8, 0, 1, 2, 0, 2, 2, 11, 24]",12.293799984036013,22.13080000365153,176.46570000215434,210.89029998984188,7.776190757751465
square.png,4,104,25921.0,0.004012190887697234,0.5456724138206671,0.8994260628498616,0.9995985527569918,"[0.0, 0.1, 0.2, 0.3, 0.4, 0.5, 0.6, 0.7, 0.8, 0.9, 1.0]","[0, 0, 0, 0, 0, 2, 4, 12, 20, 66]",15.672599984100088,91.56840000650845,187.91440001223236,295.1554000028409,10.090569496154785
l_shape.png,6,48,15937.0,0.0030118591955826065,0.4171673173707132,0.765838598206522,0.9999036087866504,"[0.0, 0.1, 0.2, 0.3, 0.4, 0.5, 0.6, 0.7, 0.8, 0.9, 1.0]","[0, 0, 0, 0, 6, 1, 11, 6, 12, 12]",22.79310001176782,30.46939999330789,145.00099999713711,198.26350000221282,11.356583595275879
star.png,10,70,47358.0,0.0014781029604290722,0.16109924160298206,0.7673935120782858,0.998834904233318,"[0.0, 0.1, 0.2, 0.3, 0.4, 0.5, 0.6, 0.7, 0.8, 0.9, 1.0]","[0, 1, 0, 2, 0, 6, 17, 11, 17, 16]",126.35090001276694,54.762199986726046,199.49579998501576,380.60889998450875,16.18090534210205
u_shape.png,8,126,66501.0,0.0018947083502503723,0.3475760962581032,0.7807543084195463,0.9990604285481761,"[0.0, 0.1, 0.2, 0.3, 0.4, 0.5, 0.6, 0.7, 0.8, 0.9, 1.0]","[0, 0, 0, 4, 6, 9, 17, 25, 31, 34]",146.52579999528825,182.95170000055805,237.28050000499934,566.7580000008456,18.802645683288574
hourglass.png,12,82,86461.0,0.0009484044829460681,0.4358327250709217,0.7579395463403158,0.9925725570807734,"[0.0, 0.1, 0.2, 0.3, 0.4, 0.5, 0.6, 0.7, 0.8, 0.9, 1.0]","[0, 0, 0, 0, 16, 4, 12, 6, 24, 20]",160.39129998534918,100.81850001006387,195.7393999909982,456.94919998641126,20.948819160461426
one.png,10,231,85812.5,0.0026919155134741443,0.2696243117814609,0.851567216499591,0.9995423694270563,"[0.0, 0.1, 0.2, 0.3, 0.4, 0.5, 0.6, 0.7, 0.8, 0.9, 1.0]","[0, 0, 1, 4, 3, 11, 7, 29, 67, 109]",203.05070001631975,1276.0886999894865,300.0746000034269,1779.2140000092331,25.172086715698242
spot_with_circle.png,35,696,274743.0,0.002533276552996801,0.01933104088236168,0.8498153606032431,0.9998936583833417,"[0.0, 0.1, 0.2, 0.3, 0.4, 0.5, 0.6, 0.7, 0.8, 0.9, 1.0]","[14, 15, 5, 4, 6, 15, 26, 45, 170, 396]",528.396600013366,3219.381299975794,723.6568000225816,4471.434700011741,30.332183837890625
spot_with_lines.png,35,696,274743.0,0.002533276552996801,0.01933104088236168,0.8498153606032431,0.9998936583833417,"[0.0, 0.1, 0.2, 0.3, 0.4, 0.5, 0.6, 0.7, 0.8, 0.9, 1.0]","[14, 15, 5, 4, 6, 15, 26, 45, 170, 396]",544.3527000024915,3129.5493000070564,709.8502999870107,4383.752299996559,39.70037364959717
